Model,Temperature,Hallucination_Rate
Abel-7B-002,0.0,0.01631434398934399
Abel-7B-002,0.3,0.01631434398934399
Abel-7B-002,0.6,0.01631434398934399
Abel-7B-002,0.8,0.01631434398934399
Abel-7B-002,1.0,0.01631434398934399
Abel-7B-002,1.3,0.01631434398934399
Abel-7B-002,1.6,0.01631434398934399
Abel-7B-002,1.8,0.016229905238959567
Abel-7B-002,2.0,0.016189257310987692
