Model,Temperature,Abstract_Concrete_Ratio,Uncertainty_Markers,Confidence_Expressions
WizardMath-7B-V1.1,0.0,16.46907758662266,0.19533098156145232,0.2234277908912279
WizardMath-7B-V1.1,0.3,16.46907758662266,0.19533098156145232,0.2234277908912279
WizardMath-7B-V1.1,0.6,16.46907758662266,0.19533098156145232,0.2234277908912279
WizardMath-7B-V1.1,0.8,16.46907758662266,0.19533098156145232,0.2234277908912279
WizardMath-7B-V1.1,1.0,16.46907758662266,0.19533098156145232,0.2234277908912279
WizardMath-7B-V1.1,1.3,16.46907758662266,0.19533098156145232,0.2234277908912279
WizardMath-7B-V1.1,1.6,16.46907758662266,0.19533098156145232,0.2234277908912279
WizardMath-7B-V1.1,1.8,16.489058211435008,0.1957224264142809,0.22372138751240658
WizardMath-7B-V1.1,2.0,16.46907758662266,0.19533098156145232,0.2234277908912279
