Model,Temperature,Hallucination_Rate
WizardMath-7B-V1.1,0.0,0.02607910978602462
WizardMath-7B-V1.1,0.3,0.02607910978602462
WizardMath-7B-V1.1,0.6,0.02607910978602462
WizardMath-7B-V1.1,0.8,0.02607910978602462
WizardMath-7B-V1.1,1.0,0.02607910978602462
WizardMath-7B-V1.1,1.3,0.02607910978602462
WizardMath-7B-V1.1,1.6,0.02607910978602462
WizardMath-7B-V1.1,1.8,0.026131372531086796
WizardMath-7B-V1.1,2.0,0.02607910978602462
