Model,Temperature,Avg_Step_Count,Avg_Step_Length_Words,Avg_Step_Length_Chars,Avg_Solution_Length,Avg_Step_Complexity
WizardMath-7B-V1.1,0.0,11.516,33.55609586662035,173.88207711010767,2002.426,3.166029871483154
WizardMath-7B-V1.1,0.3,11.516,33.55609586662035,173.88207711010767,2002.426,3.166029871483154
WizardMath-7B-V1.1,0.6,11.516,33.55609586662035,173.88207711010767,2002.426,3.166029871483154
WizardMath-7B-V1.1,0.8,11.516,33.55609586662035,173.88207711010767,2002.426,3.166029871483154
WizardMath-7B-V1.1,1.0,11.516,33.55609586662035,173.88207711010767,2002.426,3.166029871483154
WizardMath-7B-V1.1,1.3,11.516,33.55609586662035,173.88207711010767,2002.426,3.166029871483154
WizardMath-7B-V1.1,1.6,11.516,33.55609586662035,173.88207711010767,2002.426,3.166029871483154
WizardMath-7B-V1.1,1.8,11.513026052104209,33.59460400348129,174.10426457789382,2004.4669338677354,3.168320278503046
WizardMath-7B-V1.1,2.0,11.516,33.55609586662035,173.88207711010767,2002.426,3.166029871483154
