,Solution_Level_Validity,Solution_Level_Validity,Solution_Level_Validity,Solution_Level_Validity,Solution_Level_Redundancy,Solution_Level_Redundancy,Solution_Level_Redundancy,Solution_Level_Redundancy,Solution_Score_Shepherd,Solution_Score_Shepherd,Solution_Score_Shepherd,Solution_Score_Shepherd
,mean,std,min,max,mean,std,min,max,mean,std,min,max
Model,,,,,,,,,,,,
Abel-7B-002,0.6345018064819629,0.29395324043000026,0.011086125858128,0.999499631812796,0.18611809250490713,0.12979593800495762,0.0014660486485809,0.8837012052536011,0.5349535349213741,0.3387513396225907,0.0075759887695312,0.9990234375
WizardMath-7B-V1.1,0.635750285879217,0.3027536363991775,0.003975172410719,0.9944123886525632,0.16028619244347977,0.10365559550160981,0.0098095126450061,0.9952314496040344,0.5270850098086526,0.3450863649799203,0.0045051574707031,0.99853515625
