Model,Best Temperature,Best Correctness Score,Corresponding Validity,Corresponding Redundancy
Abel-7B-002,0.6,0.6323193969726563,0.7471911705387756,0.1895846264474094
WizardMath-7B-V1.1,0.3,0.6665462341308593,0.7930719743954251,0.1369422830138355
