Model,Best Temperature,Best Shepherd Score,Corresponding Validity,Corresponding Redundancy,Dataset
Abel-7B-002,0.0,0.5405271402994791,0.5386938377543508,0.2570587595955779,hybrid_reasoning
WizardMath-7B-V1.1,0.0,0.548403574625651,0.574902401038756,0.2204268369202812,hybrid_reasoning
gpt-4o-mini,0.5,0.7056351725260417,0.5925696868821979,0.2199858665217955,hybrid_reasoning
