Model,Best Temperature,Best Shepherd Score,Corresponding Validity,Corresponding Redundancy
Abel-7B-002,0.0,0.5405271402994791,0.5386938377543508,0.2570587595955779
WizardMath-7B-V1.1,0.0,0.548403574625651,0.574902401038756,0.2204268369202812
gpt-4o-mini,0.5,0.7056351725260417,0.5925696868821979,0.2199858665217955
deepseek-chat,0.0,0.6667305501302083,0.573055648803711,0.378331807454427
