,Solution_Level_Validity,Solution_Level_Validity,Solution_Level_Validity,Solution_Level_Validity,Solution_Level_Redundancy,Solution_Level_Redundancy,Solution_Level_Redundancy,Solution_Level_Redundancy,Solution_Score_Shepherd,Solution_Score_Shepherd,Solution_Score_Shepherd,Solution_Score_Shepherd
,mean,std,min,max,mean,std,min,max,mean,std,min,max
Model,,,,,,,,,,,,
Abel-7B-002,0.4961014950630813,0.2902901538655619,0.0144846090115606,0.9949815361760556,0.23436220386536227,0.17033778725845589,0.0050883418880403,0.7515597939491272,0.491071929033184,0.29945077494875455,0.0076942443847656,0.99853515625
WizardMath-7B-V1.1,0.5065751569774618,0.2838677286168675,0.0072014934848994,0.9940919040236622,0.21831989690296202,0.13958125092436208,0.0084560215473175,0.870750367641449,0.475308562634038,0.2996767461309416,0.009124755859375,0.99462890625
gpt-4o-mini,0.5479605220031255,0.23909131839831846,0.0007488216069759,0.954217866063118,0.24141207366670459,0.13059239975758968,0.031055774539709,0.9994589686393738,0.655809996361826,0.23246828093699215,0.09600830078125,0.99462890625
