Model,Dataset,Temperature,Solution_Level_Validity,Solution_Level_Redundancy,Solution_Score_Shepherd
WizardMath-7B-V1.1,hybrid_reasoning,0.0,0.574902401038756,0.22042683692028125,0.548403574625651
WizardMath-7B-V1.1,hybrid_reasoning,0.3,0.5614446563079643,0.2184427590512981,0.5313809712727865
WizardMath-7B-V1.1,hybrid_reasoning,1.0,0.5277601744156951,0.20178586453199387,0.4992002868652344
WizardMath-7B-V1.1,hybrid_reasoning,1.6,0.30807748866112283,0.23074853096467754,0.25324666341145835
