Model,Dataset,Temperature,Solution_Level_Validity,Solution_Level_Redundancy,Solution_Score_Shepherd
WizardMath-7B-V1.1,aime,0.1,0.12876116643186475,0.2810698962602459,0.2227540563364498
WizardMath-7B-V1.1,aime,0.2,0.15601300436352927,0.29132273840525796,0.22632368784102183
WizardMath-7B-V1.1,aime,0.3,0.13706110484564482,0.27591716709421643,0.24473981714960355
WizardMath-7B-V1.1,aime,0.4,0.1470001720991291,0.2677041976178279,0.24284612937051742
WizardMath-7B-V1.1,aime,0.5,0.15117169808650363,0.2886511761209239,0.2528615758038949
WizardMath-7B-V1.1,aime,0.6,0.14004710363963294,0.2739140344044519,0.22658914233010913
WizardMath-7B-V1.1,aime,0.7,0.09625289019416361,0.27551987591911764,0.25468893612132354
