Model,Temperature,Solution_Level_Validity,Solution_Level_Redundancy,Solution_Score_Shepherd
Abel-7B-002,0.0,0.7373148432187736,0.18821201967447995,0.6178555297851562
Abel-7B-002,0.3,0.751960563770961,0.19222910444810987,0.6113447265625
Abel-7B-002,0.6,0.7471911705387756,0.1895846264474094,0.6323193969726563
Abel-7B-002,1.0,0.7240349729908631,0.18233337932499125,0.6044866027832031
Abel-7B-002,1.3,0.6758424254520796,0.18573900660639628,0.5643895874023438
Abel-7B-002,1.6,0.5466352058351039,0.16947044676728545,0.4756806640625
