Model,Temperature,Solution_Level_Validity,Solution_Level_Redundancy,Solution_Score_Shepherd
Abel-7B-002,0.0,0.7373148432187736,0.18821201967447992,0.6178555297851562
Abel-7B-002,0.3,0.751960563770961,0.19222910444810984,0.6113447265625
Abel-7B-002,0.6,0.7471911705387756,0.18958462644740937,0.6323193969726563
Abel-7B-002,0.8,0.7411767659476027,0.1780244865603745,0.613337875366211
Abel-7B-002,1.0,0.7240349729908631,0.18233337932499122,0.6044866027832031
Abel-7B-002,1.3,0.6758424254520796,0.18573900660639625,0.5643895874023438
Abel-7B-002,1.6,0.5466352058351039,0.16947044676728543,0.4756806640625
Abel-7B-002,1.8,0.3642046414985616,0.18594054150689296,0.30868669966576806
Abel-7B-002,2.0,0.24455437129850627,0.20549479488215933,0.2324085197218467
