Model,Temperature,Solution_Level_Validity,Solution_Level_Redundancy,Solution_Score_Shepherd
WizardMath-7B-V1.1,0.0,0.782133594956249,0.13874978986196218,0.6444180297851563
WizardMath-7B-V1.1,0.3,0.7930719743954251,0.13694228301383551,0.6665462341308593
WizardMath-7B-V1.1,0.6,0.7676825529551133,0.13224576505646107,0.6490933532714844
WizardMath-7B-V1.1,0.8,0.7720851783179679,0.1361288898065686,0.6507416381835938
WizardMath-7B-V1.1,1.0,0.7581787299937569,0.13400857511162756,0.6424680480957031
WizardMath-7B-V1.1,1.3,0.6699366105019581,0.15058985098823902,0.5471009063720703
WizardMath-7B-V1.1,1.6,0.4502023430862464,0.17916248775273558,0.37178339385986325
WizardMath-7B-V1.1,1.8,0.2646811810265648,0.2280607661512309,0.193775413987154
WizardMath-7B-V1.1,2.0,0.20693822284881022,0.2615622331388294,0.11750244140625
