Model,Temperature,Solution_Level_Validity,Solution_Level_Redundancy,Solution_Score_Shepherd
WizardMath-7B-V1.1,0.0,0.782133594956249,0.1387497898619622,0.6444180297851563
WizardMath-7B-V1.1,0.3,0.7930719743954251,0.13694228301383554,0.6665462341308593
WizardMath-7B-V1.1,1.0,0.7581787299937569,0.1340085751116276,0.6424680480957031
WizardMath-7B-V1.1,1.3,0.6699366105019581,0.15058985098823904,0.5471009063720703
